{
  "schema_version": 2,
  "description": "Manual Bloodweb grid calibration templates.",
  "templates": [
    {
      "name": "default_bloodweb_grid",
      "screenshot": "Снимок экрана 2026-06-16 114511.png",
      "image_size": [
        2560,
        1440
      ],
      "center_x": 909.0,
      "center_y": 758.2,
      "ring1_radius": 163.3680715913816,
      "ring2_radius": 331.7623073912605,
      "ring3_radius": 477.0808215504122,
      "rotation_deg": 0.0,
      "roi_size": 112.26919491311733
    }
  ]
}